pdf_id,stage,status,device,dtype,batch_size,wall_time_sec,compute_time_sec,transfer_time_sec,tokens_in,tokens_out,peak_ram_mb,peak_vram_mb
035f18484afe1684,extract,ok,cpu,fp32,1,0.032000000000152795,0.032000000000152795,,,,824.7,0.0
035f18484afe1684,clean,ok,cpu,fp32,1,0.01599999999962165,0.01599999999962165,,,,828.1,0.0
035f18484afe1684,validate,ok,cpu,fp32,1,0.01599999999962165,0.01599999999962165,,,,828.2,0.0
035f18484afe1684,keywords,ok,cpu,fp32,1,17.84400000000005,17.84400000000005,,,,1833.4,0.0
035f18484afe1684,classify,ok,cpu,fp32,1,32.76499999999942,32.76499999999942,,,,3096.5,0.0
035f18484afe1684,context,ok,cpu,fp32,1,0.016000000000531145,0.016000000000531145,,,,2414.8,0.0
035f18484afe1684,summarize,ok,cpu,fp32,1,9.07799999999952,9.07799999999952,,418,41,5082.9,0.0
1f79080fb6a2c26e,extract,ok,cpu,fp32,1,0.0,0.0,,,,827.0,0.0
1f79080fb6a2c26e,clean,ok,cpu,fp32,1,0.0,0.0,,,,828.1,0.0
1f79080fb6a2c26e,validate,ok,cpu,fp32,1,0.0,0.0,,,,828.2,0.0
1f79080fb6a2c26e,keywords,ok,cpu,fp32,1,15.969000000000051,15.969000000000051,,,,1829.8,0.0
1f79080fb6a2c26e,classify,ok,cpu,fp32,1,30.79700000000048,30.79700000000048,,,,2467.8,0.0
1f79080fb6a2c26e,context,ok,cpu,fp32,1,0.01599999999962165,0.01599999999962165,,,,2414.9,0.0
1f79080fb6a2c26e,summarize,ok,cpu,fp32,1,6.860000000000582,6.860000000000582,,365,53,5087.6,0.0
30997c67cbd6441d,extract,ok,cpu,fp32,1,0.015000000000327418,0.015000000000327418,,,,827.3,0.0
30997c67cbd6441d,clean,ok,cpu,fp32,1,0.0,0.0,,,,828.1,0.0
30997c67cbd6441d,validate,ok,cpu,fp32,1,0.016000000000531145,0.016000000000531145,,,,828.2,0.0
30997c67cbd6441d,keywords,ok,cpu,fp32,1,16.515000000000327,16.515000000000327,,,,1893.9,0.0
30997c67cbd6441d,classify,ok,cpu,fp32,1,10.938000000000102,10.938000000000102,,,,2468.2,0.0
30997c67cbd6441d,context,ok,cpu,fp32,1,0.015000000000327418,0.015000000000327418,,,,2414.9,0.0
30997c67cbd6441d,summarize,ok,cpu,fp32,1,4.375,4.375,,197,46,5091.7,0.0
3d49c0265cb90cef,extract,ok,cpu,fp32,1,0.01599999999962165,0.01599999999962165,,,,827.7,0.0
3d49c0265cb90cef,clean,ok,cpu,fp32,1,0.0,0.0,,,,828.1,0.0
3d49c0265cb90cef,validate,ok,cpu,fp32,1,0.0,0.0,,,,828.2,0.0
43e2b68dd946c1db,extract,ok,cpu,fp32,1,0.0,0.0,,,,827.7,0.0
43e2b68dd946c1db,clean,ok,cpu,fp32,1,0.03099999999994907,0.03099999999994907,,,,828.1,0.0
43e2b68dd946c1db,validate,ok,cpu,fp32,1,0.0,0.0,,,,828.2,0.0
4c6a368db6e99fa8,extract,ok,cpu,fp32,1,0.015000000000327418,0.015000000000327418,,,,827.7,0.0
4c6a368db6e99fa8,clean,ok,cpu,fp32,1,0.0,0.0,,,,828.1,0.0
4c6a368db6e99fa8,validate,ok,cpu,fp32,1,0.014999999999417923,0.014999999999417923,,,,828.2,0.0
4c6a368db6e99fa8,keywords,ok,cpu,fp32,1,16.688000000000102,16.688000000000102,,,,1910.1,0.0
4c6a368db6e99fa8,classify,ok,cpu,fp32,1,10.967999999999847,10.967999999999847,,,,2469.2,0.0
4c6a368db6e99fa8,context,ok,cpu,fp32,1,0.01599999999962165,0.01599999999962165,,,,2414.9,0.0
4c6a368db6e99fa8,summarize,ok,cpu,fp32,1,7.139999999999418,7.139999999999418,,454,38,5099.9,0.0
5481a382c69d0292,extract,ok,cpu,fp32,1,0.01599999999962165,0.01599999999962165,,,,827.8,0.0
5481a382c69d0292,clean,ok,cpu,fp32,1,0.016000000000531145,0.016000000000531145,,,,828.2,0.0
5481a382c69d0292,validate,ok,cpu,fp32,1,0.0,0.0,,,,828.3,0.0
5481a382c69d0292,keywords,ok,cpu,fp32,1,23.311999999999898,23.311999999999898,,,,1981.3,0.0
5481a382c69d0292,classify,ok,cpu,fp32,1,10.625,10.625,,,,2468.9,0.0
5481a382c69d0292,context,ok,cpu,fp32,1,0.03099999999994907,0.03099999999994907,,,,2414.9,0.0
5481a382c69d0292,summarize,ok,cpu,fp32,1,8.110000000000582,8.110000000000582,,562,21,5106.7,0.0
5e92765087375319,extract,ok,cpu,fp32,1,0.016000000000531145,0.016000000000531145,,,,827.8,0.0
5e92765087375319,clean,ok,cpu,fp32,1,0.0,0.0,,,,828.2,0.0
5e92765087375319,validate,ok,cpu,fp32,1,0.016000000000531145,0.016000000000531145,,,,828.3,0.0
5e92765087375319,keywords,ok,cpu,fp32,1,9.015999999999622,9.015999999999622,,,,1981.9,0.0
5e92765087375319,classify,ok,cpu,fp32,1,30.234999999999673,30.234999999999673,,,,2469.6,0.0
5e92765087375319,context,ok,cpu,fp32,1,0.0,0.0,,,,2414.9,0.0
5e92765087375319,summarize,ok,cpu,fp32,1,5.217999999999847,5.217999999999847,,278,40,5110.8,0.0
7125b36e7319cc78,extract,ok,cpu,fp32,1,0.014999999999417923,0.014999999999417923,,,,828.0,0.0
7125b36e7319cc78,clean,ok,cpu,fp32,1,0.01599999999962165,0.01599999999962165,,,,828.2,0.0
7125b36e7319cc78,validate,ok,cpu,fp32,1,0.0,0.0,,,,828.3,0.0
80382aadc800b9c2,extract,ok,cpu,fp32,1,0.016000000000531145,0.016000000000531145,,,,828.0,0.0
80382aadc800b9c2,clean,ok,cpu,fp32,1,0.0,0.0,,,,828.2,0.0
80382aadc800b9c2,validate,ok,cpu,fp32,1,0.01599999999962165,0.01599999999962165,,,,828.3,0.0
80382aadc800b9c2,keywords,ok,cpu,fp32,1,17.936999999999898,17.936999999999898,,,,1895.9,0.0
80382aadc800b9c2,classify,ok,cpu,fp32,1,10.484000000000378,10.484000000000378,,,,2464.9,0.0
80382aadc800b9c2,context,ok,cpu,fp32,1,0.03099999999994907,0.03099999999994907,,,,2414.9,0.0
80382aadc800b9c2,summarize,ok,cpu,fp32,1,4.907000000000153,4.907000000000153,,262,37,5114.8,0.0
97e6b52742ffb6a8,extract,ok,cpu,fp32,1,0.0,0.0,,,,828.0,0.0
97e6b52742ffb6a8,clean,ok,cpu,fp32,1,0.015000000000327418,0.015000000000327418,,,,828.2,0.0
97e6b52742ffb6a8,validate,ok,cpu,fp32,1,0.0,0.0,,,,828.3,0.0
97e6b52742ffb6a8,keywords,ok,cpu,fp32,1,14.875,14.875,,,,1849.2,0.0
97e6b52742ffb6a8,classify,ok,cpu,fp32,1,10.688000000000102,10.688000000000102,,,,2465.0,0.0
97e6b52742ffb6a8,context,ok,cpu,fp32,1,0.0,0.0,,,,2414.9,0.0
97e6b52742ffb6a8,summarize,ok,cpu,fp32,1,6.780999999999949,6.780999999999949,,316,64,5119.1,0.0
ade314f4bff14170,extract,ok,cpu,fp32,1,0.01599999999962165,0.01599999999962165,,,,828.1,0.0
ade314f4bff14170,clean,ok,cpu,fp32,1,0.0,0.0,,,,828.2,0.0
ade314f4bff14170,validate,ok,cpu,fp32,1,0.015000000000327418,0.015000000000327418,,,,828.3,0.0
bb198a6952eb8f22,extract,ok,cpu,fp32,1,0.015000000000327418,0.015000000000327418,,,,828.0,0.0
bb198a6952eb8f22,clean,ok,cpu,fp32,1,0.01599999999962165,0.01599999999962165,,,,828.2,0.0
bb198a6952eb8f22,validate,ok,cpu,fp32,1,0.0,0.0,,,,828.3,0.0
bb198a6952eb8f22,keywords,ok,cpu,fp32,1,18.75,18.75,,,,1938.7,0.0
bb198a6952eb8f22,classify,ok,cpu,fp32,1,10.54699999999957,10.54699999999957,,,,2465.1,0.0
bb198a6952eb8f22,context,ok,cpu,fp32,1,0.032000000000152795,0.032000000000152795,,,,2414.9,0.0
bb198a6952eb8f22,summarize,ok,cpu,fp32,1,5.686999999999898,5.686999999999898,,272,52,5123.3,0.0
df597cb84b8dfaa2,extract,ok,cpu,fp32,1,0.0,0.0,,,,828.1,0.0
df597cb84b8dfaa2,clean,ok,cpu,fp32,1,0.0,0.0,,,,828.2,0.0
df597cb84b8dfaa2,validate,ok,cpu,fp32,1,0.0,0.0,,,,828.3,0.0
e84e34383debe20b,extract,ok,cpu,fp32,1,0.01599999999962165,0.01599999999962165,,,,828.1,0.0
e84e34383debe20b,clean,ok,cpu,fp32,1,0.0,0.0,,,,828.2,0.0
e84e34383debe20b,validate,ok,cpu,fp32,1,0.01599999999962165,0.01599999999962165,,,,828.3,0.0
e84e34383debe20b,keywords,ok,cpu,fp32,1,1.3280000000004293,1.3280000000004293,,,,1875.5,0.0
e84e34383debe20b,classify,ok,cpu,fp32,1,2.8900000000003274,2.8900000000003274,,,,2452.1,0.0
e84e34383debe20b,context,ok,cpu,fp32,1,0.0,0.0,,,,2414.9,0.0
e84e34383debe20b,summarize,ok,cpu,fp32,1,3.2349999999996726,3.2349999999996726,,122,39,5126.9,0.0
